{"cameraMode":{"drawMode":0,"name":"Shaded","section":"Shading Mode"},"sceneLighting":false,"audioPlay":false,"sceneViewState":{"showFog":false,"showMaterialUpdate":false,"showSkybox":false,"showFlares":true,"showImageEffects":true,"showParticleSystems":true},"in2DMode":false,"pivot":{"x":0.0013172179460525513,"y":0.04397529363632202,"z":0.005898326635360718},"rotation":{"x":0.00954349897801876,"y":-0.9696027636528015,"z":0.24223633110523225,"w":0.03877996653318405},"size":1.1169060468673707,"orthographic":false}