{"cameraMode":{"drawMode":0,"name":"Shaded","section":"Shading Mode"},"sceneLighting":false,"audioPlay":false,"sceneViewState":{"showFog":false,"showMaterialUpdate":false,"showSkybox":false,"showFlares":true,"showImageEffects":true,"showParticleSystems":true},"in2DMode":false,"pivot":{"x":-0.6971456408500671,"y":-0.2827914357185364,"z":-1.253705382347107},"rotation":{"x":-0.029582155868411065,"y":0.9642392992973328,"z":-0.12249655276536942,"w":-0.2345130741596222},"size":2.595052480697632,"orthographic":false}