{"cameraMode":{"drawMode":0,"name":"Shaded","section":"Shading Mode"},"sceneLighting":true,"audioPlay":false,"sceneViewState":{"showFog":false,"showMaterialUpdate":false,"showSkybox":false,"showFlares":true,"showImageEffects":true,"showParticleSystems":true},"in2DMode":false,"pivot":{"x":508.1849670410156,"y":283.1313781738281,"z":-95.89761352539063},"rotation":{"x":0.01950058341026306,"y":0.007194682490080595,"z":0.000042030587792396545,"w":0.9998518824577332},"size":499.12225341796877,"orthographic":false}