{"cameraMode":{"drawMode":0,"name":"Shaded","section":"Shading Mode"},"sceneLighting":false,"audioPlay":false,"sceneViewState":{"showFog":false,"showMaterialUpdate":false,"showSkybox":false,"showFlares":true,"showImageEffects":true,"showParticleSystems":true},"in2DMode":false,"pivot":{"x":4.052786827087402,"y":1.365749478340149,"z":-4.517643451690674},"rotation":{"x":0.2203787863254547,"y":-0.030726464465260507,"z":0.006945101544260979,"w":0.9749276638031006},"size":0.87956303358078,"orthographic":false}