{"cameraMode":{"drawMode":0,"name":"Shaded","section":"Shading Mode"},"sceneLighting":false,"audioPlay":false,"sceneViewState":{"showFog":false,"showMaterialUpdate":false,"showSkybox":false,"showFlares":true,"showImageEffects":true,"showParticleSystems":true},"in2DMode":false,"pivot":{"x":2.933810234069824,"y":-0.21634189784526826,"z":-0.4920195937156677},"rotation":{"x":-0.005303230136632919,"y":0.9946334958076477,"z":-0.08107750117778778,"w":-0.06882510334253311},"size":0.9797801375389099,"orthographic":false}